<p1>,<p1>
<p1>,<p0>
<p1>,<__Null#9223372036854775823>
<p1>,<__Null#9223372036854775824>
<p1>,<__Null#9223372036854775825>
<p1>,<__Null#9223372036854775826>
<p1>,<__Null#9223372036854775827>
<p1>,<__Null#9223372036854775828>
<p1>,<__Null#9223372036854775829>
<p1>,<__Null#9223372036854775830>
<p1>,<__Null#9223372036854775831>
<p1>,<__Null#9223372036854775832>
<p1>,<__Null#9223372036854775833>
<p1>,<__Null#9223372036854775834>
<p1>,<__Null#9223372036854775835>
<p1>,<__Null#9223372036854775836>
<p1>,<__Null#9223372036854775837>
<p1>,<__Null#9223372036854775838>
<p1>,<__Null#9223372036854775839>
<p1>,<__Null#9223372036854775840>
<p1>,<__Null#9223372036854775841>
<p1>,<__Null#9223372036854775842>
<p1>,<__Null#9223372036854775843>
<p1>,<__Null#9223372036854775844>
<p1>,<__Null#9223372036854775845>
<p1>,<__Null#9223372036854775846>
<p1>,<__Null#9223372036854775847>
<p1>,<__Null#9223372036854775848>
<p1>,<__Null#9223372036854775849>
<p2>,<p1>
<p2>,<p2>
<p2>,<p0>
<p2>,<__Null#9223372036854775823>
<p2>,<__Null#9223372036854775824>
<p2>,<__Null#9223372036854775825>
<p2>,<__Null#9223372036854775826>
<p2>,<__Null#9223372036854775827>
<p2>,<__Null#9223372036854775828>
<p2>,<__Null#9223372036854775829>
<p2>,<__Null#9223372036854775830>
<p2>,<__Null#9223372036854775831>
<p2>,<__Null#9223372036854775832>
<p2>,<__Null#9223372036854775833>
<p2>,<__Null#9223372036854775834>
<p2>,<__Null#9223372036854775835>
<p2>,<__Null#9223372036854775836>
<p2>,<__Null#9223372036854775837>
<p2>,<__Null#9223372036854775838>
<p2>,<__Null#9223372036854775839>
<p2>,<__Null#9223372036854775840>
<p2>,<__Null#9223372036854775841>
<p2>,<__Null#9223372036854775842>
<p2>,<__Null#9223372036854775843>
<p2>,<__Null#9223372036854775844>
<p2>,<__Null#9223372036854775845>
<p2>,<__Null#9223372036854775846>
<p2>,<__Null#9223372036854775847>
<p2>,<__Null#9223372036854775848>
<p2>,<__Null#9223372036854775849>
<p3>,<p1>
<p3>,<p2>
<p3>,<p3>
<p3>,<p0>
<p3>,<__Null#9223372036854775823>
<p3>,<__Null#9223372036854775824>
<p3>,<__Null#9223372036854775825>
<p3>,<__Null#9223372036854775826>
<p3>,<__Null#9223372036854775827>
<p3>,<__Null#9223372036854775828>
<p3>,<__Null#9223372036854775829>
<p3>,<__Null#9223372036854775830>
<p3>,<__Null#9223372036854775831>
<p3>,<__Null#9223372036854775832>
<p3>,<__Null#9223372036854775833>
<p3>,<__Null#9223372036854775834>
<p3>,<__Null#9223372036854775835>
<p3>,<__Null#9223372036854775836>
<p3>,<__Null#9223372036854775837>
<p3>,<__Null#9223372036854775838>
<p3>,<__Null#9223372036854775839>
<p3>,<__Null#9223372036854775840>
<p3>,<__Null#9223372036854775841>
<p3>,<__Null#9223372036854775842>
<p3>,<__Null#9223372036854775843>
<p3>,<__Null#9223372036854775844>
<p3>,<__Null#9223372036854775845>
<p3>,<__Null#9223372036854775846>
<p3>,<__Null#9223372036854775847>
<p3>,<__Null#9223372036854775848>
<p3>,<__Null#9223372036854775849>
<p4>,<p1>
<p4>,<p2>
<p4>,<p3>
<p4>,<p4>
<p4>,<p0>
<p4>,<__Null#9223372036854775823>
<p4>,<__Null#9223372036854775824>
<p4>,<__Null#9223372036854775825>
<p4>,<__Null#9223372036854775826>
<p4>,<__Null#9223372036854775827>
<p4>,<__Null#9223372036854775828>
<p4>,<__Null#9223372036854775829>
<p4>,<__Null#9223372036854775830>
<p4>,<__Null#9223372036854775831>
<p4>,<__Null#9223372036854775832>
<p4>,<__Null#9223372036854775833>
<p4>,<__Null#9223372036854775834>
<p4>,<__Null#9223372036854775835>
<p4>,<__Null#9223372036854775836>
<p4>,<__Null#9223372036854775837>
<p4>,<__Null#9223372036854775838>
<p4>,<__Null#9223372036854775839>
<p4>,<__Null#9223372036854775840>
<p4>,<__Null#9223372036854775841>
<p4>,<__Null#9223372036854775842>
<p4>,<__Null#9223372036854775843>
<p4>,<__Null#9223372036854775844>
<p4>,<__Null#9223372036854775845>
<p4>,<__Null#9223372036854775846>
<p4>,<__Null#9223372036854775847>
<p4>,<__Null#9223372036854775848>
<p4>,<__Null#9223372036854775849>
<p5>,<p1>
<p5>,<p2>
<p5>,<p3>
<p5>,<p4>
<p5>,<p5>
<p5>,<p0>
<p5>,<__Null#9223372036854775823>
<p5>,<__Null#9223372036854775824>
<p5>,<__Null#9223372036854775825>
<p5>,<__Null#9223372036854775826>
<p5>,<__Null#9223372036854775827>
<p5>,<__Null#9223372036854775828>
<p5>,<__Null#9223372036854775829>
<p5>,<__Null#9223372036854775830>
<p5>,<__Null#9223372036854775831>
<p5>,<__Null#9223372036854775832>
<p5>,<__Null#9223372036854775833>
<p5>,<__Null#9223372036854775834>
<p5>,<__Null#9223372036854775835>
<p5>,<__Null#9223372036854775836>
<p5>,<__Null#9223372036854775837>
<p5>,<__Null#9223372036854775838>
<p5>,<__Null#9223372036854775839>
<p5>,<__Null#9223372036854775840>
<p5>,<__Null#9223372036854775841>
<p5>,<__Null#9223372036854775842>
<p5>,<__Null#9223372036854775843>
<p5>,<__Null#9223372036854775844>
<p5>,<__Null#9223372036854775845>
<p5>,<__Null#9223372036854775846>
<p5>,<__Null#9223372036854775847>
<p5>,<__Null#9223372036854775848>
<p5>,<__Null#9223372036854775849>
<p6>,<p1>
<p6>,<p2>
<p6>,<p3>
<p6>,<p4>
<p6>,<p5>
<p6>,<p6>
<p6>,<p0>
<p6>,<__Null#9223372036854775823>
<p6>,<__Null#9223372036854775824>
<p6>,<__Null#9223372036854775825>
<p6>,<__Null#9223372036854775826>
<p6>,<__Null#9223372036854775827>
<p6>,<__Null#9223372036854775828>
<p6>,<__Null#9223372036854775829>
<p6>,<__Null#9223372036854775830>
<p6>,<__Null#9223372036854775831>
<p6>,<__Null#9223372036854775832>
<p6>,<__Null#9223372036854775833>
<p6>,<__Null#9223372036854775834>
<p6>,<__Null#9223372036854775835>
<p6>,<__Null#9223372036854775836>
<p6>,<__Null#9223372036854775837>
<p6>,<__Null#9223372036854775838>
<p6>,<__Null#9223372036854775839>
<p6>,<__Null#9223372036854775840>
<p6>,<__Null#9223372036854775841>
<p6>,<__Null#9223372036854775842>
<p6>,<__Null#9223372036854775843>
<p6>,<__Null#9223372036854775844>
<p6>,<__Null#9223372036854775845>
<p6>,<__Null#9223372036854775846>
<p6>,<__Null#9223372036854775847>
<p6>,<__Null#9223372036854775848>
<p6>,<__Null#9223372036854775849>
<p7>,<p1>
<p7>,<p2>
<p7>,<p3>
<p7>,<p4>
<p7>,<p5>
<p7>,<p6>
<p7>,<p7>
<p7>,<p0>
<p7>,<__Null#9223372036854775823>
<p7>,<__Null#9223372036854775824>
<p7>,<__Null#9223372036854775825>
<p7>,<__Null#9223372036854775826>
<p7>,<__Null#9223372036854775827>
<p7>,<__Null#9223372036854775828>
<p7>,<__Null#9223372036854775829>
<p7>,<__Null#9223372036854775830>
<p7>,<__Null#9223372036854775831>
<p7>,<__Null#9223372036854775832>
<p7>,<__Null#9223372036854775833>
<p7>,<__Null#9223372036854775834>
<p7>,<__Null#9223372036854775835>
<p7>,<__Null#9223372036854775836>
<p7>,<__Null#9223372036854775837>
<p7>,<__Null#9223372036854775838>
<p7>,<__Null#9223372036854775839>
<p7>,<__Null#9223372036854775840>
<p7>,<__Null#9223372036854775841>
<p7>,<__Null#9223372036854775842>
<p7>,<__Null#9223372036854775843>
<p7>,<__Null#9223372036854775844>
<p7>,<__Null#9223372036854775845>
<p7>,<__Null#9223372036854775846>
<p7>,<__Null#9223372036854775847>
<p7>,<__Null#9223372036854775848>
<p7>,<__Null#9223372036854775849>
<p8>,<p1>
<p8>,<p2>
<p8>,<p3>
<p8>,<p4>
<p8>,<p5>
<p8>,<p6>
<p8>,<p7>
<p8>,<p8>
<p8>,<p0>
<p8>,<__Null#9223372036854775823>
<p8>,<__Null#9223372036854775824>
<p8>,<__Null#9223372036854775825>
<p8>,<__Null#9223372036854775826>
<p8>,<__Null#9223372036854775827>
<p8>,<__Null#9223372036854775828>
<p8>,<__Null#9223372036854775829>
<p8>,<__Null#9223372036854775830>
<p8>,<__Null#9223372036854775831>
<p8>,<__Null#9223372036854775832>
<p8>,<__Null#9223372036854775833>
<p8>,<__Null#9223372036854775834>
<p8>,<__Null#9223372036854775835>
<p8>,<__Null#9223372036854775836>
<p8>,<__Null#9223372036854775837>
<p8>,<__Null#9223372036854775838>
<p8>,<__Null#9223372036854775839>
<p8>,<__Null#9223372036854775840>
<p8>,<__Null#9223372036854775841>
<p8>,<__Null#9223372036854775842>
<p8>,<__Null#9223372036854775843>
<p8>,<__Null#9223372036854775844>
<p8>,<__Null#9223372036854775845>
<p8>,<__Null#9223372036854775846>
<p8>,<__Null#9223372036854775847>
<p8>,<__Null#9223372036854775848>
<p8>,<__Null#9223372036854775849>
<p9>,<p1>
<p9>,<p2>
<p9>,<p3>
<p9>,<p4>
<p9>,<p5>
<p9>,<p6>
<p9>,<p7>
<p9>,<p8>
<p9>,<p9>
<p9>,<p0>
<p9>,<__Null#9223372036854775823>
<p9>,<__Null#9223372036854775824>
<p9>,<__Null#9223372036854775825>
<p9>,<__Null#9223372036854775826>
<p9>,<__Null#9223372036854775827>
<p9>,<__Null#9223372036854775828>
<p9>,<__Null#9223372036854775829>
<p9>,<__Null#9223372036854775830>
<p9>,<__Null#9223372036854775831>
<p9>,<__Null#9223372036854775832>
<p9>,<__Null#9223372036854775833>
<p9>,<__Null#9223372036854775834>
<p9>,<__Null#9223372036854775835>
<p9>,<__Null#9223372036854775836>
<p9>,<__Null#9223372036854775837>
<p9>,<__Null#9223372036854775838>
<p9>,<__Null#9223372036854775839>
<p9>,<__Null#9223372036854775840>
<p9>,<__Null#9223372036854775841>
<p9>,<__Null#9223372036854775842>
<p9>,<__Null#9223372036854775843>
<p9>,<__Null#9223372036854775844>
<p9>,<__Null#9223372036854775845>
<p9>,<__Null#9223372036854775846>
<p9>,<__Null#9223372036854775847>
<p9>,<__Null#9223372036854775848>
<p9>,<__Null#9223372036854775849>
<p10>,<p1>
<p10>,<p2>
<p10>,<p3>
<p10>,<p4>
<p10>,<p5>
<p10>,<p6>
<p10>,<p7>
<p10>,<p8>
<p10>,<p9>
<p10>,<p10>
<p10>,<p0>
<p10>,<__Null#9223372036854775823>
<p10>,<__Null#9223372036854775824>
<p10>,<__Null#9223372036854775825>
<p10>,<__Null#9223372036854775826>
<p10>,<__Null#9223372036854775827>
<p10>,<__Null#9223372036854775828>
<p10>,<__Null#9223372036854775829>
<p10>,<__Null#9223372036854775830>
<p10>,<__Null#9223372036854775831>
<p10>,<__Null#9223372036854775832>
<p10>,<__Null#9223372036854775833>
<p10>,<__Null#9223372036854775834>
<p10>,<__Null#9223372036854775835>
<p10>,<__Null#9223372036854775836>
<p10>,<__Null#9223372036854775837>
<p10>,<__Null#9223372036854775838>
<p10>,<__Null#9223372036854775839>
<p10>,<__Null#9223372036854775840>
<p10>,<__Null#9223372036854775841>
<p10>,<__Null#9223372036854775842>
<p10>,<__Null#9223372036854775843>
<p10>,<__Null#9223372036854775844>
<p10>,<__Null#9223372036854775845>
<p10>,<__Null#9223372036854775846>
<p10>,<__Null#9223372036854775847>
<p10>,<__Null#9223372036854775848>
<p10>,<__Null#9223372036854775849>
<p11>,<p1>
<p11>,<p2>
<p11>,<p3>
<p11>,<p4>
<p11>,<p5>
<p11>,<p6>
<p11>,<p7>
<p11>,<p8>
<p11>,<p9>
<p11>,<p10>
<p11>,<p11>
<p11>,<p0>
<p11>,<__Null#9223372036854775823>
<p11>,<__Null#9223372036854775824>
<p11>,<__Null#9223372036854775825>
<p11>,<__Null#9223372036854775826>
<p11>,<__Null#9223372036854775827>
<p11>,<__Null#9223372036854775828>
<p11>,<__Null#9223372036854775829>
<p11>,<__Null#9223372036854775830>
<p11>,<__Null#9223372036854775831>
<p11>,<__Null#9223372036854775832>
<p11>,<__Null#9223372036854775833>
<p11>,<__Null#9223372036854775834>
<p11>,<__Null#9223372036854775835>
<p11>,<__Null#9223372036854775836>
<p11>,<__Null#9223372036854775837>
<p11>,<__Null#9223372036854775838>
<p11>,<__Null#9223372036854775839>
<p11>,<__Null#9223372036854775840>
<p11>,<__Null#9223372036854775841>
<p11>,<__Null#9223372036854775842>
<p11>,<__Null#9223372036854775843>
<p11>,<__Null#9223372036854775844>
<p11>,<__Null#9223372036854775845>
<p11>,<__Null#9223372036854775846>
<p11>,<__Null#9223372036854775847>
<p11>,<__Null#9223372036854775848>
<p11>,<__Null#9223372036854775849>
<p12>,<p1>
<p12>,<p2>
<p12>,<p3>
<p12>,<p4>
<p12>,<p5>
<p12>,<p6>
<p12>,<p7>
<p12>,<p8>
<p12>,<p9>
<p12>,<p10>
<p12>,<p11>
<p12>,<p12>
<p12>,<p0>
<p12>,<__Null#9223372036854775823>
<p12>,<__Null#9223372036854775824>
<p12>,<__Null#9223372036854775825>
<p12>,<__Null#9223372036854775826>
<p12>,<__Null#9223372036854775827>
<p12>,<__Null#9223372036854775828>
<p12>,<__Null#9223372036854775829>
<p12>,<__Null#9223372036854775830>
<p12>,<__Null#9223372036854775831>
<p12>,<__Null#9223372036854775832>
<p12>,<__Null#9223372036854775833>
<p12>,<__Null#9223372036854775834>
<p12>,<__Null#9223372036854775835>
<p12>,<__Null#9223372036854775836>
<p12>,<__Null#9223372036854775837>
<p12>,<__Null#9223372036854775838>
<p12>,<__Null#9223372036854775839>
<p12>,<__Null#9223372036854775840>
<p12>,<__Null#9223372036854775841>
<p12>,<__Null#9223372036854775842>
<p12>,<__Null#9223372036854775843>
<p12>,<__Null#9223372036854775844>
<p12>,<__Null#9223372036854775845>
<p12>,<__Null#9223372036854775846>
<p12>,<__Null#9223372036854775847>
<p12>,<__Null#9223372036854775848>
<p12>,<__Null#9223372036854775849>
<p13>,<p1>
<p13>,<p2>
<p13>,<p3>
<p13>,<p4>
<p13>,<p5>
<p13>,<p6>
<p13>,<p7>
<p13>,<p8>
<p13>,<p9>
<p13>,<p10>
<p13>,<p11>
<p13>,<p12>
<p13>,<p13>
<p13>,<p0>
<p13>,<__Null#9223372036854775823>
<p13>,<__Null#9223372036854775824>
<p13>,<__Null#9223372036854775825>
<p13>,<__Null#9223372036854775826>
<p13>,<__Null#9223372036854775827>
<p13>,<__Null#9223372036854775828>
<p13>,<__Null#9223372036854775829>
<p13>,<__Null#9223372036854775830>
<p13>,<__Null#9223372036854775831>
<p13>,<__Null#9223372036854775832>
<p13>,<__Null#9223372036854775833>
<p13>,<__Null#9223372036854775834>
<p13>,<__Null#9223372036854775835>
<p13>,<__Null#9223372036854775836>
<p13>,<__Null#9223372036854775837>
<p13>,<__Null#9223372036854775838>
<p13>,<__Null#9223372036854775839>
<p13>,<__Null#9223372036854775840>
<p13>,<__Null#9223372036854775841>
<p13>,<__Null#9223372036854775842>
<p13>,<__Null#9223372036854775843>
<p13>,<__Null#9223372036854775844>
<p13>,<__Null#9223372036854775845>
<p13>,<__Null#9223372036854775846>
<p13>,<__Null#9223372036854775847>
<p13>,<__Null#9223372036854775848>
<p13>,<__Null#9223372036854775849>
<p0>,<p0>
<p0>,<__Null#9223372036854775823>
<p0>,<__Null#9223372036854775824>
<p0>,<__Null#9223372036854775825>
<p0>,<__Null#9223372036854775826>
<p0>,<__Null#9223372036854775827>
<p0>,<__Null#9223372036854775828>
<p0>,<__Null#9223372036854775829>
<p0>,<__Null#9223372036854775830>
<p0>,<__Null#9223372036854775831>
<p0>,<__Null#9223372036854775832>
<p0>,<__Null#9223372036854775833>
<p0>,<__Null#9223372036854775834>
<p0>,<__Null#9223372036854775835>
<p0>,<__Null#9223372036854775836>
<p0>,<__Null#9223372036854775837>
<p0>,<__Null#9223372036854775838>
<p0>,<__Null#9223372036854775839>
<p0>,<__Null#9223372036854775840>
<p0>,<__Null#9223372036854775841>
<p0>,<__Null#9223372036854775842>
<p0>,<__Null#9223372036854775843>
<p0>,<__Null#9223372036854775844>
<p0>,<__Null#9223372036854775845>
<p0>,<__Null#9223372036854775846>
<p0>,<__Null#9223372036854775847>
<p0>,<__Null#9223372036854775848>
<p0>,<__Null#9223372036854775849>
<__Null#9223372036854775809>,<p1>
<__Null#9223372036854775809>,<p2>
<__Null#9223372036854775809>,<p3>
<__Null#9223372036854775809>,<p4>
<__Null#9223372036854775809>,<p5>
<__Null#9223372036854775809>,<p6>
<__Null#9223372036854775809>,<p7>
<__Null#9223372036854775809>,<p8>
<__Null#9223372036854775809>,<p9>
<__Null#9223372036854775809>,<p10>
<__Null#9223372036854775809>,<p11>
<__Null#9223372036854775809>,<p0>
<__Null#9223372036854775809>,<__Null#9223372036854775809>
<__Null#9223372036854775809>,<__Null#9223372036854775823>
<__Null#9223372036854775809>,<__Null#9223372036854775824>
<__Null#9223372036854775809>,<__Null#9223372036854775825>
<__Null#9223372036854775809>,<__Null#9223372036854775826>
<__Null#9223372036854775809>,<__Null#9223372036854775827>
<__Null#9223372036854775809>,<__Null#9223372036854775828>
<__Null#9223372036854775809>,<__Null#9223372036854775829>
<__Null#9223372036854775809>,<__Null#9223372036854775830>
<__Null#9223372036854775809>,<__Null#9223372036854775831>
<__Null#9223372036854775809>,<__Null#9223372036854775832>
<__Null#9223372036854775809>,<__Null#9223372036854775833>
<__Null#9223372036854775809>,<__Null#9223372036854775834>
<__Null#9223372036854775809>,<__Null#9223372036854775835>
<__Null#9223372036854775809>,<__Null#9223372036854775836>
<__Null#9223372036854775809>,<__Null#9223372036854775837>
<__Null#9223372036854775809>,<__Null#9223372036854775838>
<__Null#9223372036854775809>,<__Null#9223372036854775839>
<__Null#9223372036854775809>,<__Null#9223372036854775840>
<__Null#9223372036854775809>,<__Null#9223372036854775841>
<__Null#9223372036854775809>,<__Null#9223372036854775842>
<__Null#9223372036854775809>,<__Null#9223372036854775843>
<__Null#9223372036854775809>,<__Null#9223372036854775844>
<__Null#9223372036854775809>,<__Null#9223372036854775845>
<__Null#9223372036854775809>,<__Null#9223372036854775846>
<__Null#9223372036854775809>,<__Null#9223372036854775847>
<__Null#9223372036854775809>,<__Null#9223372036854775848>
<__Null#9223372036854775809>,<__Null#9223372036854775849>
<__Null#9223372036854775810>,<p1>
<__Null#9223372036854775810>,<p2>
<__Null#9223372036854775810>,<p3>
<__Null#9223372036854775810>,<p4>
<__Null#9223372036854775810>,<p5>
<__Null#9223372036854775810>,<p6>
<__Null#9223372036854775810>,<p7>
<__Null#9223372036854775810>,<p8>
<__Null#9223372036854775810>,<p9>
<__Null#9223372036854775810>,<p10>
<__Null#9223372036854775810>,<p11>
<__Null#9223372036854775810>,<p0>
<__Null#9223372036854775810>,<__Null#9223372036854775809>
<__Null#9223372036854775810>,<__Null#9223372036854775810>
<__Null#9223372036854775810>,<__Null#9223372036854775823>
<__Null#9223372036854775810>,<__Null#9223372036854775824>
<__Null#9223372036854775810>,<__Null#9223372036854775825>
<__Null#9223372036854775810>,<__Null#9223372036854775826>
<__Null#9223372036854775810>,<__Null#9223372036854775827>
<__Null#9223372036854775810>,<__Null#9223372036854775828>
<__Null#9223372036854775810>,<__Null#9223372036854775829>
<__Null#9223372036854775810>,<__Null#9223372036854775830>
<__Null#9223372036854775810>,<__Null#9223372036854775831>
<__Null#9223372036854775810>,<__Null#9223372036854775832>
<__Null#9223372036854775810>,<__Null#9223372036854775833>
<__Null#9223372036854775810>,<__Null#9223372036854775834>
<__Null#9223372036854775810>,<__Null#9223372036854775835>
<__Null#9223372036854775810>,<__Null#9223372036854775836>
<__Null#9223372036854775810>,<__Null#9223372036854775837>
<__Null#9223372036854775810>,<__Null#9223372036854775838>
<__Null#9223372036854775810>,<__Null#9223372036854775839>
<__Null#9223372036854775810>,<__Null#9223372036854775840>
<__Null#9223372036854775810>,<__Null#9223372036854775841>
<__Null#9223372036854775810>,<__Null#9223372036854775842>
<__Null#9223372036854775810>,<__Null#9223372036854775843>
<__Null#9223372036854775810>,<__Null#9223372036854775844>
<__Null#9223372036854775810>,<__Null#9223372036854775845>
<__Null#9223372036854775810>,<__Null#9223372036854775846>
<__Null#9223372036854775810>,<__Null#9223372036854775847>
<__Null#9223372036854775810>,<__Null#9223372036854775848>
<__Null#9223372036854775810>,<__Null#9223372036854775849>
<__Null#9223372036854775811>,<p1>
<__Null#9223372036854775811>,<p2>
<__Null#9223372036854775811>,<p3>
<__Null#9223372036854775811>,<p4>
<__Null#9223372036854775811>,<p5>
<__Null#9223372036854775811>,<p6>
<__Null#9223372036854775811>,<p7>
<__Null#9223372036854775811>,<p8>
<__Null#9223372036854775811>,<p9>
<__Null#9223372036854775811>,<p10>
<__Null#9223372036854775811>,<p11>
<__Null#9223372036854775811>,<p0>
<__Null#9223372036854775811>,<__Null#9223372036854775809>
<__Null#9223372036854775811>,<__Null#9223372036854775810>
<__Null#9223372036854775811>,<__Null#9223372036854775811>
<__Null#9223372036854775811>,<__Null#9223372036854775823>
<__Null#9223372036854775811>,<__Null#9223372036854775824>
<__Null#9223372036854775811>,<__Null#9223372036854775825>
<__Null#9223372036854775811>,<__Null#9223372036854775826>
<__Null#9223372036854775811>,<__Null#9223372036854775827>
<__Null#9223372036854775811>,<__Null#9223372036854775828>
<__Null#9223372036854775811>,<__Null#9223372036854775829>
<__Null#9223372036854775811>,<__Null#9223372036854775830>
<__Null#9223372036854775811>,<__Null#9223372036854775831>
<__Null#9223372036854775811>,<__Null#9223372036854775832>
<__Null#9223372036854775811>,<__Null#9223372036854775833>
<__Null#9223372036854775811>,<__Null#9223372036854775834>
<__Null#9223372036854775811>,<__Null#9223372036854775835>
<__Null#9223372036854775811>,<__Null#9223372036854775836>
<__Null#9223372036854775811>,<__Null#9223372036854775837>
<__Null#9223372036854775811>,<__Null#9223372036854775838>
<__Null#9223372036854775811>,<__Null#9223372036854775839>
<__Null#9223372036854775811>,<__Null#9223372036854775840>
<__Null#9223372036854775811>,<__Null#9223372036854775841>
<__Null#9223372036854775811>,<__Null#9223372036854775842>
<__Null#9223372036854775811>,<__Null#9223372036854775843>
<__Null#9223372036854775811>,<__Null#9223372036854775844>
<__Null#9223372036854775811>,<__Null#9223372036854775845>
<__Null#9223372036854775811>,<__Null#9223372036854775846>
<__Null#9223372036854775811>,<__Null#9223372036854775847>
<__Null#9223372036854775811>,<__Null#9223372036854775848>
<__Null#9223372036854775811>,<__Null#9223372036854775849>
<__Null#9223372036854775812>,<p1>
<__Null#9223372036854775812>,<p2>
<__Null#9223372036854775812>,<p3>
<__Null#9223372036854775812>,<p4>
<__Null#9223372036854775812>,<p5>
<__Null#9223372036854775812>,<p6>
<__Null#9223372036854775812>,<p7>
<__Null#9223372036854775812>,<p8>
<__Null#9223372036854775812>,<p9>
<__Null#9223372036854775812>,<p10>
<__Null#9223372036854775812>,<p11>
<__Null#9223372036854775812>,<p0>
<__Null#9223372036854775812>,<__Null#9223372036854775809>
<__Null#9223372036854775812>,<__Null#9223372036854775810>
<__Null#9223372036854775812>,<__Null#9223372036854775811>
<__Null#9223372036854775812>,<__Null#9223372036854775812>
<__Null#9223372036854775812>,<__Null#9223372036854775823>
<__Null#9223372036854775812>,<__Null#9223372036854775824>
<__Null#9223372036854775812>,<__Null#9223372036854775825>
<__Null#9223372036854775812>,<__Null#9223372036854775826>
<__Null#9223372036854775812>,<__Null#9223372036854775827>
<__Null#9223372036854775812>,<__Null#9223372036854775828>
<__Null#9223372036854775812>,<__Null#9223372036854775829>
<__Null#9223372036854775812>,<__Null#9223372036854775830>
<__Null#9223372036854775812>,<__Null#9223372036854775831>
<__Null#9223372036854775812>,<__Null#9223372036854775832>
<__Null#9223372036854775812>,<__Null#9223372036854775833>
<__Null#9223372036854775812>,<__Null#9223372036854775834>
<__Null#9223372036854775812>,<__Null#9223372036854775835>
<__Null#9223372036854775812>,<__Null#9223372036854775836>
<__Null#9223372036854775812>,<__Null#9223372036854775837>
<__Null#9223372036854775812>,<__Null#9223372036854775838>
<__Null#9223372036854775812>,<__Null#9223372036854775839>
<__Null#9223372036854775812>,<__Null#9223372036854775840>
<__Null#9223372036854775812>,<__Null#9223372036854775841>
<__Null#9223372036854775812>,<__Null#9223372036854775842>
<__Null#9223372036854775812>,<__Null#9223372036854775843>
<__Null#9223372036854775812>,<__Null#9223372036854775844>
<__Null#9223372036854775812>,<__Null#9223372036854775845>
<__Null#9223372036854775812>,<__Null#9223372036854775846>
<__Null#9223372036854775812>,<__Null#9223372036854775847>
<__Null#9223372036854775812>,<__Null#9223372036854775848>
<__Null#9223372036854775812>,<__Null#9223372036854775849>
<__Null#9223372036854775813>,<p1>
<__Null#9223372036854775813>,<p2>
<__Null#9223372036854775813>,<p3>
<__Null#9223372036854775813>,<p4>
<__Null#9223372036854775813>,<p5>
<__Null#9223372036854775813>,<p6>
<__Null#9223372036854775813>,<p7>
<__Null#9223372036854775813>,<p8>
<__Null#9223372036854775813>,<p9>
<__Null#9223372036854775813>,<p10>
<__Null#9223372036854775813>,<p11>
<__Null#9223372036854775813>,<p0>
<__Null#9223372036854775813>,<__Null#9223372036854775809>
<__Null#9223372036854775813>,<__Null#9223372036854775810>
<__Null#9223372036854775813>,<__Null#9223372036854775811>
<__Null#9223372036854775813>,<__Null#9223372036854775812>
<__Null#9223372036854775813>,<__Null#9223372036854775813>
<__Null#9223372036854775813>,<__Null#9223372036854775823>
<__Null#9223372036854775813>,<__Null#9223372036854775824>
<__Null#9223372036854775813>,<__Null#9223372036854775825>
<__Null#9223372036854775813>,<__Null#9223372036854775826>
<__Null#9223372036854775813>,<__Null#9223372036854775827>
<__Null#9223372036854775813>,<__Null#9223372036854775828>
<__Null#9223372036854775813>,<__Null#9223372036854775829>
<__Null#9223372036854775813>,<__Null#9223372036854775830>
<__Null#9223372036854775813>,<__Null#9223372036854775831>
<__Null#9223372036854775813>,<__Null#9223372036854775832>
<__Null#9223372036854775813>,<__Null#9223372036854775833>
<__Null#9223372036854775813>,<__Null#9223372036854775834>
<__Null#9223372036854775813>,<__Null#9223372036854775835>
<__Null#9223372036854775813>,<__Null#9223372036854775836>
<__Null#9223372036854775813>,<__Null#9223372036854775837>
<__Null#9223372036854775813>,<__Null#9223372036854775838>
<__Null#9223372036854775813>,<__Null#9223372036854775839>
<__Null#9223372036854775813>,<__Null#9223372036854775840>
<__Null#9223372036854775813>,<__Null#9223372036854775841>
<__Null#9223372036854775813>,<__Null#9223372036854775842>
<__Null#9223372036854775813>,<__Null#9223372036854775843>
<__Null#9223372036854775813>,<__Null#9223372036854775844>
<__Null#9223372036854775813>,<__Null#9223372036854775845>
<__Null#9223372036854775813>,<__Null#9223372036854775846>
<__Null#9223372036854775813>,<__Null#9223372036854775847>
<__Null#9223372036854775813>,<__Null#9223372036854775848>
<__Null#9223372036854775813>,<__Null#9223372036854775849>
<__Null#9223372036854775814>,<p1>
<__Null#9223372036854775814>,<p2>
<__Null#9223372036854775814>,<p3>
<__Null#9223372036854775814>,<p4>
<__Null#9223372036854775814>,<p5>
<__Null#9223372036854775814>,<p6>
<__Null#9223372036854775814>,<p7>
<__Null#9223372036854775814>,<p8>
<__Null#9223372036854775814>,<p9>
<__Null#9223372036854775814>,<p10>
<__Null#9223372036854775814>,<p11>
<__Null#9223372036854775814>,<p0>
<__Null#9223372036854775814>,<__Null#9223372036854775809>
<__Null#9223372036854775814>,<__Null#9223372036854775810>
<__Null#9223372036854775814>,<__Null#9223372036854775811>
<__Null#9223372036854775814>,<__Null#9223372036854775812>
<__Null#9223372036854775814>,<__Null#9223372036854775813>
<__Null#9223372036854775814>,<__Null#9223372036854775814>
<__Null#9223372036854775814>,<__Null#9223372036854775823>
<__Null#9223372036854775814>,<__Null#9223372036854775824>
<__Null#9223372036854775814>,<__Null#9223372036854775825>
<__Null#9223372036854775814>,<__Null#9223372036854775826>
<__Null#9223372036854775814>,<__Null#9223372036854775827>
<__Null#9223372036854775814>,<__Null#9223372036854775828>
<__Null#9223372036854775814>,<__Null#9223372036854775829>
<__Null#9223372036854775814>,<__Null#9223372036854775830>
<__Null#9223372036854775814>,<__Null#9223372036854775831>
<__Null#9223372036854775814>,<__Null#9223372036854775832>
<__Null#9223372036854775814>,<__Null#9223372036854775833>
<__Null#9223372036854775814>,<__Null#9223372036854775834>
<__Null#9223372036854775814>,<__Null#9223372036854775835>
<__Null#9223372036854775814>,<__Null#9223372036854775836>
<__Null#9223372036854775814>,<__Null#9223372036854775837>
<__Null#9223372036854775814>,<__Null#9223372036854775838>
<__Null#9223372036854775814>,<__Null#9223372036854775839>
<__Null#9223372036854775814>,<__Null#9223372036854775840>
<__Null#9223372036854775814>,<__Null#9223372036854775841>
<__Null#9223372036854775814>,<__Null#9223372036854775842>
<__Null#9223372036854775814>,<__Null#9223372036854775843>
<__Null#9223372036854775814>,<__Null#9223372036854775844>
<__Null#9223372036854775814>,<__Null#9223372036854775845>
<__Null#9223372036854775814>,<__Null#9223372036854775846>
<__Null#9223372036854775814>,<__Null#9223372036854775847>
<__Null#9223372036854775814>,<__Null#9223372036854775848>
<__Null#9223372036854775814>,<__Null#9223372036854775849>
<__Null#9223372036854775815>,<p1>
<__Null#9223372036854775815>,<p2>
<__Null#9223372036854775815>,<p3>
<__Null#9223372036854775815>,<p4>
<__Null#9223372036854775815>,<p5>
<__Null#9223372036854775815>,<p6>
<__Null#9223372036854775815>,<p7>
<__Null#9223372036854775815>,<p8>
<__Null#9223372036854775815>,<p9>
<__Null#9223372036854775815>,<p10>
<__Null#9223372036854775815>,<p11>
<__Null#9223372036854775815>,<p0>
<__Null#9223372036854775815>,<__Null#9223372036854775809>
<__Null#9223372036854775815>,<__Null#9223372036854775810>
<__Null#9223372036854775815>,<__Null#9223372036854775811>
<__Null#9223372036854775815>,<__Null#9223372036854775812>
<__Null#9223372036854775815>,<__Null#9223372036854775813>
<__Null#9223372036854775815>,<__Null#9223372036854775814>
<__Null#9223372036854775815>,<__Null#9223372036854775815>
<__Null#9223372036854775815>,<__Null#9223372036854775823>
<__Null#9223372036854775815>,<__Null#9223372036854775824>
<__Null#9223372036854775815>,<__Null#9223372036854775825>
<__Null#9223372036854775815>,<__Null#9223372036854775826>
<__Null#9223372036854775815>,<__Null#9223372036854775827>
<__Null#9223372036854775815>,<__Null#9223372036854775828>
<__Null#9223372036854775815>,<__Null#9223372036854775829>
<__Null#9223372036854775815>,<__Null#9223372036854775830>
<__Null#9223372036854775815>,<__Null#9223372036854775831>
<__Null#9223372036854775815>,<__Null#9223372036854775832>
<__Null#9223372036854775815>,<__Null#9223372036854775833>
<__Null#9223372036854775815>,<__Null#9223372036854775834>
<__Null#9223372036854775815>,<__Null#9223372036854775835>
<__Null#9223372036854775815>,<__Null#9223372036854775836>
<__Null#9223372036854775815>,<__Null#9223372036854775837>
<__Null#9223372036854775815>,<__Null#9223372036854775838>
<__Null#9223372036854775815>,<__Null#9223372036854775839>
<__Null#9223372036854775815>,<__Null#9223372036854775840>
<__Null#9223372036854775815>,<__Null#9223372036854775841>
<__Null#9223372036854775815>,<__Null#9223372036854775842>
<__Null#9223372036854775815>,<__Null#9223372036854775843>
<__Null#9223372036854775815>,<__Null#9223372036854775844>
<__Null#9223372036854775815>,<__Null#9223372036854775845>
<__Null#9223372036854775815>,<__Null#9223372036854775846>
<__Null#9223372036854775815>,<__Null#9223372036854775847>
<__Null#9223372036854775815>,<__Null#9223372036854775848>
<__Null#9223372036854775815>,<__Null#9223372036854775849>
<__Null#9223372036854775816>,<p1>
<__Null#9223372036854775816>,<p2>
<__Null#9223372036854775816>,<p3>
<__Null#9223372036854775816>,<p4>
<__Null#9223372036854775816>,<p5>
<__Null#9223372036854775816>,<p6>
<__Null#9223372036854775816>,<p7>
<__Null#9223372036854775816>,<p8>
<__Null#9223372036854775816>,<p9>
<__Null#9223372036854775816>,<p10>
<__Null#9223372036854775816>,<p11>
<__Null#9223372036854775816>,<p0>
<__Null#9223372036854775816>,<__Null#9223372036854775809>
<__Null#9223372036854775816>,<__Null#9223372036854775810>
<__Null#9223372036854775816>,<__Null#9223372036854775811>
<__Null#9223372036854775816>,<__Null#9223372036854775812>
<__Null#9223372036854775816>,<__Null#9223372036854775813>
<__Null#9223372036854775816>,<__Null#9223372036854775814>
<__Null#9223372036854775816>,<__Null#9223372036854775815>
<__Null#9223372036854775816>,<__Null#9223372036854775816>
<__Null#9223372036854775816>,<__Null#9223372036854775823>
<__Null#9223372036854775816>,<__Null#9223372036854775824>
<__Null#9223372036854775816>,<__Null#9223372036854775825>
<__Null#9223372036854775816>,<__Null#9223372036854775826>
<__Null#9223372036854775816>,<__Null#9223372036854775827>
<__Null#9223372036854775816>,<__Null#9223372036854775828>
<__Null#9223372036854775816>,<__Null#9223372036854775829>
<__Null#9223372036854775816>,<__Null#9223372036854775830>
<__Null#9223372036854775816>,<__Null#9223372036854775831>
<__Null#9223372036854775816>,<__Null#9223372036854775832>
<__Null#9223372036854775816>,<__Null#9223372036854775833>
<__Null#9223372036854775816>,<__Null#9223372036854775834>
<__Null#9223372036854775816>,<__Null#9223372036854775835>
<__Null#9223372036854775816>,<__Null#9223372036854775836>
<__Null#9223372036854775816>,<__Null#9223372036854775837>
<__Null#9223372036854775816>,<__Null#9223372036854775838>
<__Null#9223372036854775816>,<__Null#9223372036854775839>
<__Null#9223372036854775816>,<__Null#9223372036854775840>
<__Null#9223372036854775816>,<__Null#9223372036854775841>
<__Null#9223372036854775816>,<__Null#9223372036854775842>
<__Null#9223372036854775816>,<__Null#9223372036854775843>
<__Null#9223372036854775816>,<__Null#9223372036854775844>
<__Null#9223372036854775816>,<__Null#9223372036854775845>
<__Null#9223372036854775816>,<__Null#9223372036854775846>
<__Null#9223372036854775816>,<__Null#9223372036854775847>
<__Null#9223372036854775816>,<__Null#9223372036854775848>
<__Null#9223372036854775816>,<__Null#9223372036854775849>
<__Null#9223372036854775817>,<p1>
<__Null#9223372036854775817>,<p2>
<__Null#9223372036854775817>,<p3>
<__Null#9223372036854775817>,<p4>
<__Null#9223372036854775817>,<p5>
<__Null#9223372036854775817>,<p6>
<__Null#9223372036854775817>,<p7>
<__Null#9223372036854775817>,<p8>
<__Null#9223372036854775817>,<p9>
<__Null#9223372036854775817>,<p10>
<__Null#9223372036854775817>,<p11>
<__Null#9223372036854775817>,<p0>
<__Null#9223372036854775817>,<__Null#9223372036854775809>
<__Null#9223372036854775817>,<__Null#9223372036854775810>
<__Null#9223372036854775817>,<__Null#9223372036854775811>
<__Null#9223372036854775817>,<__Null#9223372036854775812>
<__Null#9223372036854775817>,<__Null#9223372036854775813>
<__Null#9223372036854775817>,<__Null#9223372036854775814>
<__Null#9223372036854775817>,<__Null#9223372036854775815>
<__Null#9223372036854775817>,<__Null#9223372036854775816>
<__Null#9223372036854775817>,<__Null#9223372036854775817>
<__Null#9223372036854775817>,<__Null#9223372036854775823>
<__Null#9223372036854775817>,<__Null#9223372036854775824>
<__Null#9223372036854775817>,<__Null#9223372036854775825>
<__Null#9223372036854775817>,<__Null#9223372036854775826>
<__Null#9223372036854775817>,<__Null#9223372036854775827>
<__Null#9223372036854775817>,<__Null#9223372036854775828>
<__Null#9223372036854775817>,<__Null#9223372036854775829>
<__Null#9223372036854775817>,<__Null#9223372036854775830>
<__Null#9223372036854775817>,<__Null#9223372036854775831>
<__Null#9223372036854775817>,<__Null#9223372036854775832>
<__Null#9223372036854775817>,<__Null#9223372036854775833>
<__Null#9223372036854775817>,<__Null#9223372036854775834>
<__Null#9223372036854775817>,<__Null#9223372036854775835>
<__Null#9223372036854775817>,<__Null#9223372036854775836>
<__Null#9223372036854775817>,<__Null#9223372036854775837>
<__Null#9223372036854775817>,<__Null#9223372036854775838>
<__Null#9223372036854775817>,<__Null#9223372036854775839>
<__Null#9223372036854775817>,<__Null#9223372036854775840>
<__Null#9223372036854775817>,<__Null#9223372036854775841>
<__Null#9223372036854775817>,<__Null#9223372036854775842>
<__Null#9223372036854775817>,<__Null#9223372036854775843>
<__Null#9223372036854775817>,<__Null#9223372036854775844>
<__Null#9223372036854775817>,<__Null#9223372036854775845>
<__Null#9223372036854775817>,<__Null#9223372036854775846>
<__Null#9223372036854775817>,<__Null#9223372036854775847>
<__Null#9223372036854775817>,<__Null#9223372036854775848>
<__Null#9223372036854775817>,<__Null#9223372036854775849>
<__Null#9223372036854775818>,<p1>
<__Null#9223372036854775818>,<p2>
<__Null#9223372036854775818>,<p3>
<__Null#9223372036854775818>,<p4>
<__Null#9223372036854775818>,<p5>
<__Null#9223372036854775818>,<p6>
<__Null#9223372036854775818>,<p7>
<__Null#9223372036854775818>,<p8>
<__Null#9223372036854775818>,<p9>
<__Null#9223372036854775818>,<p10>
<__Null#9223372036854775818>,<p11>
<__Null#9223372036854775818>,<p0>
<__Null#9223372036854775818>,<__Null#9223372036854775809>
<__Null#9223372036854775818>,<__Null#9223372036854775810>
<__Null#9223372036854775818>,<__Null#9223372036854775811>
<__Null#9223372036854775818>,<__Null#9223372036854775812>
<__Null#9223372036854775818>,<__Null#9223372036854775813>
<__Null#9223372036854775818>,<__Null#9223372036854775814>
<__Null#9223372036854775818>,<__Null#9223372036854775815>
<__Null#9223372036854775818>,<__Null#9223372036854775816>
<__Null#9223372036854775818>,<__Null#9223372036854775817>
<__Null#9223372036854775818>,<__Null#9223372036854775818>
<__Null#9223372036854775818>,<__Null#9223372036854775823>
<__Null#9223372036854775818>,<__Null#9223372036854775824>
<__Null#9223372036854775818>,<__Null#9223372036854775825>
<__Null#9223372036854775818>,<__Null#9223372036854775826>
<__Null#9223372036854775818>,<__Null#9223372036854775827>
<__Null#9223372036854775818>,<__Null#9223372036854775828>
<__Null#9223372036854775818>,<__Null#9223372036854775829>
<__Null#9223372036854775818>,<__Null#9223372036854775830>
<__Null#9223372036854775818>,<__Null#9223372036854775831>
<__Null#9223372036854775818>,<__Null#9223372036854775832>
<__Null#9223372036854775818>,<__Null#9223372036854775833>
<__Null#9223372036854775818>,<__Null#9223372036854775834>
<__Null#9223372036854775818>,<__Null#9223372036854775835>
<__Null#9223372036854775818>,<__Null#9223372036854775836>
<__Null#9223372036854775818>,<__Null#9223372036854775837>
<__Null#9223372036854775818>,<__Null#9223372036854775838>
<__Null#9223372036854775818>,<__Null#9223372036854775839>
<__Null#9223372036854775818>,<__Null#9223372036854775840>
<__Null#9223372036854775818>,<__Null#9223372036854775841>
<__Null#9223372036854775818>,<__Null#9223372036854775842>
<__Null#9223372036854775818>,<__Null#9223372036854775843>
<__Null#9223372036854775818>,<__Null#9223372036854775844>
<__Null#9223372036854775818>,<__Null#9223372036854775845>
<__Null#9223372036854775818>,<__Null#9223372036854775846>
<__Null#9223372036854775818>,<__Null#9223372036854775847>
<__Null#9223372036854775818>,<__Null#9223372036854775848>
<__Null#9223372036854775818>,<__Null#9223372036854775849>
<__Null#9223372036854775819>,<p1>
<__Null#9223372036854775819>,<p2>
<__Null#9223372036854775819>,<p3>
<__Null#9223372036854775819>,<p4>
<__Null#9223372036854775819>,<p5>
<__Null#9223372036854775819>,<p6>
<__Null#9223372036854775819>,<p7>
<__Null#9223372036854775819>,<p8>
<__Null#9223372036854775819>,<p9>
<__Null#9223372036854775819>,<p10>
<__Null#9223372036854775819>,<p11>
<__Null#9223372036854775819>,<p0>
<__Null#9223372036854775819>,<__Null#9223372036854775809>
<__Null#9223372036854775819>,<__Null#9223372036854775810>
<__Null#9223372036854775819>,<__Null#9223372036854775811>
<__Null#9223372036854775819>,<__Null#9223372036854775812>
<__Null#9223372036854775819>,<__Null#9223372036854775813>
<__Null#9223372036854775819>,<__Null#9223372036854775814>
<__Null#9223372036854775819>,<__Null#9223372036854775815>
<__Null#9223372036854775819>,<__Null#9223372036854775816>
<__Null#9223372036854775819>,<__Null#9223372036854775817>
<__Null#9223372036854775819>,<__Null#9223372036854775818>
<__Null#9223372036854775819>,<__Null#9223372036854775819>
<__Null#9223372036854775819>,<__Null#9223372036854775823>
<__Null#9223372036854775819>,<__Null#9223372036854775824>
<__Null#9223372036854775819>,<__Null#9223372036854775825>
<__Null#9223372036854775819>,<__Null#9223372036854775826>
<__Null#9223372036854775819>,<__Null#9223372036854775827>
<__Null#9223372036854775819>,<__Null#9223372036854775828>
<__Null#9223372036854775819>,<__Null#9223372036854775829>
<__Null#9223372036854775819>,<__Null#9223372036854775830>
<__Null#9223372036854775819>,<__Null#9223372036854775831>
<__Null#9223372036854775819>,<__Null#9223372036854775832>
<__Null#9223372036854775819>,<__Null#9223372036854775833>
<__Null#9223372036854775819>,<__Null#9223372036854775834>
<__Null#9223372036854775819>,<__Null#9223372036854775835>
<__Null#9223372036854775819>,<__Null#9223372036854775836>
<__Null#9223372036854775819>,<__Null#9223372036854775837>
<__Null#9223372036854775819>,<__Null#9223372036854775838>
<__Null#9223372036854775819>,<__Null#9223372036854775839>
<__Null#9223372036854775819>,<__Null#9223372036854775840>
<__Null#9223372036854775819>,<__Null#9223372036854775841>
<__Null#9223372036854775819>,<__Null#9223372036854775842>
<__Null#9223372036854775819>,<__Null#9223372036854775843>
<__Null#9223372036854775819>,<__Null#9223372036854775844>
<__Null#9223372036854775819>,<__Null#9223372036854775845>
<__Null#9223372036854775819>,<__Null#9223372036854775846>
<__Null#9223372036854775819>,<__Null#9223372036854775847>
<__Null#9223372036854775819>,<__Null#9223372036854775848>
<__Null#9223372036854775819>,<__Null#9223372036854775849>
<__Null#9223372036854775820>,<p1>
<__Null#9223372036854775820>,<p2>
<__Null#9223372036854775820>,<p3>
<__Null#9223372036854775820>,<p4>
<__Null#9223372036854775820>,<p5>
<__Null#9223372036854775820>,<p6>
<__Null#9223372036854775820>,<p7>
<__Null#9223372036854775820>,<p8>
<__Null#9223372036854775820>,<p9>
<__Null#9223372036854775820>,<p10>
<__Null#9223372036854775820>,<p11>
<__Null#9223372036854775820>,<p0>
<__Null#9223372036854775820>,<__Null#9223372036854775809>
<__Null#9223372036854775820>,<__Null#9223372036854775810>
<__Null#9223372036854775820>,<__Null#9223372036854775811>
<__Null#9223372036854775820>,<__Null#9223372036854775812>
<__Null#9223372036854775820>,<__Null#9223372036854775813>
<__Null#9223372036854775820>,<__Null#9223372036854775814>
<__Null#9223372036854775820>,<__Null#9223372036854775815>
<__Null#9223372036854775820>,<__Null#9223372036854775816>
<__Null#9223372036854775820>,<__Null#9223372036854775817>
<__Null#9223372036854775820>,<__Null#9223372036854775818>
<__Null#9223372036854775820>,<__Null#9223372036854775819>
<__Null#9223372036854775820>,<__Null#9223372036854775820>
<__Null#9223372036854775820>,<__Null#9223372036854775823>
<__Null#9223372036854775820>,<__Null#9223372036854775824>
<__Null#9223372036854775820>,<__Null#9223372036854775825>
<__Null#9223372036854775820>,<__Null#9223372036854775826>
<__Null#9223372036854775820>,<__Null#9223372036854775827>
<__Null#9223372036854775820>,<__Null#9223372036854775828>
<__Null#9223372036854775820>,<__Null#9223372036854775829>
<__Null#9223372036854775820>,<__Null#9223372036854775830>
<__Null#9223372036854775820>,<__Null#9223372036854775831>
<__Null#9223372036854775820>,<__Null#9223372036854775832>
<__Null#9223372036854775820>,<__Null#9223372036854775833>
<__Null#9223372036854775820>,<__Null#9223372036854775834>
<__Null#9223372036854775820>,<__Null#9223372036854775835>
<__Null#9223372036854775820>,<__Null#9223372036854775836>
<__Null#9223372036854775820>,<__Null#9223372036854775837>
<__Null#9223372036854775820>,<__Null#9223372036854775838>
<__Null#9223372036854775820>,<__Null#9223372036854775839>
<__Null#9223372036854775820>,<__Null#9223372036854775840>
<__Null#9223372036854775820>,<__Null#9223372036854775841>
<__Null#9223372036854775820>,<__Null#9223372036854775842>
<__Null#9223372036854775820>,<__Null#9223372036854775843>
<__Null#9223372036854775820>,<__Null#9223372036854775844>
<__Null#9223372036854775820>,<__Null#9223372036854775845>
<__Null#9223372036854775820>,<__Null#9223372036854775846>
<__Null#9223372036854775820>,<__Null#9223372036854775847>
<__Null#9223372036854775820>,<__Null#9223372036854775848>
<__Null#9223372036854775820>,<__Null#9223372036854775849>
<__Null#9223372036854775821>,<p1>
<__Null#9223372036854775821>,<p2>
<__Null#9223372036854775821>,<p3>
<__Null#9223372036854775821>,<p4>
<__Null#9223372036854775821>,<p5>
<__Null#9223372036854775821>,<p6>
<__Null#9223372036854775821>,<p7>
<__Null#9223372036854775821>,<p8>
<__Null#9223372036854775821>,<p9>
<__Null#9223372036854775821>,<p10>
<__Null#9223372036854775821>,<p11>
<__Null#9223372036854775821>,<p0>
<__Null#9223372036854775821>,<__Null#9223372036854775809>
<__Null#9223372036854775821>,<__Null#9223372036854775810>
<__Null#9223372036854775821>,<__Null#9223372036854775811>
<__Null#9223372036854775821>,<__Null#9223372036854775812>
<__Null#9223372036854775821>,<__Null#9223372036854775813>
<__Null#9223372036854775821>,<__Null#9223372036854775814>
<__Null#9223372036854775821>,<__Null#9223372036854775815>
<__Null#9223372036854775821>,<__Null#9223372036854775816>
<__Null#9223372036854775821>,<__Null#9223372036854775817>
<__Null#9223372036854775821>,<__Null#9223372036854775818>
<__Null#9223372036854775821>,<__Null#9223372036854775819>
<__Null#9223372036854775821>,<__Null#9223372036854775821>
<__Null#9223372036854775821>,<__Null#9223372036854775823>
<__Null#9223372036854775821>,<__Null#9223372036854775824>
<__Null#9223372036854775821>,<__Null#9223372036854775825>
<__Null#9223372036854775821>,<__Null#9223372036854775826>
<__Null#9223372036854775821>,<__Null#9223372036854775827>
<__Null#9223372036854775821>,<__Null#9223372036854775828>
<__Null#9223372036854775821>,<__Null#9223372036854775829>
<__Null#9223372036854775821>,<__Null#9223372036854775830>
<__Null#9223372036854775821>,<__Null#9223372036854775831>
<__Null#9223372036854775821>,<__Null#9223372036854775832>
<__Null#9223372036854775821>,<__Null#9223372036854775833>
<__Null#9223372036854775821>,<__Null#9223372036854775834>
<__Null#9223372036854775821>,<__Null#9223372036854775835>
<__Null#9223372036854775821>,<__Null#9223372036854775836>
<__Null#9223372036854775821>,<__Null#9223372036854775837>
<__Null#9223372036854775821>,<__Null#9223372036854775838>
<__Null#9223372036854775821>,<__Null#9223372036854775839>
<__Null#9223372036854775821>,<__Null#9223372036854775840>
<__Null#9223372036854775821>,<__Null#9223372036854775841>
<__Null#9223372036854775821>,<__Null#9223372036854775842>
<__Null#9223372036854775821>,<__Null#9223372036854775843>
<__Null#9223372036854775821>,<__Null#9223372036854775844>
<__Null#9223372036854775821>,<__Null#9223372036854775845>
<__Null#9223372036854775821>,<__Null#9223372036854775846>
<__Null#9223372036854775821>,<__Null#9223372036854775847>
<__Null#9223372036854775821>,<__Null#9223372036854775848>
<__Null#9223372036854775821>,<__Null#9223372036854775849>
<__Null#9223372036854775822>,<p1>
<__Null#9223372036854775822>,<p2>
<__Null#9223372036854775822>,<p3>
<__Null#9223372036854775822>,<p4>
<__Null#9223372036854775822>,<p5>
<__Null#9223372036854775822>,<p6>
<__Null#9223372036854775822>,<p7>
<__Null#9223372036854775822>,<p8>
<__Null#9223372036854775822>,<p9>
<__Null#9223372036854775822>,<p10>
<__Null#9223372036854775822>,<p11>
<__Null#9223372036854775822>,<p0>
<__Null#9223372036854775822>,<__Null#9223372036854775809>
<__Null#9223372036854775822>,<__Null#9223372036854775810>
<__Null#9223372036854775822>,<__Null#9223372036854775811>
<__Null#9223372036854775822>,<__Null#9223372036854775812>
<__Null#9223372036854775822>,<__Null#9223372036854775813>
<__Null#9223372036854775822>,<__Null#9223372036854775814>
<__Null#9223372036854775822>,<__Null#9223372036854775815>
<__Null#9223372036854775822>,<__Null#9223372036854775816>
<__Null#9223372036854775822>,<__Null#9223372036854775817>
<__Null#9223372036854775822>,<__Null#9223372036854775818>
<__Null#9223372036854775822>,<__Null#9223372036854775819>
<__Null#9223372036854775822>,<__Null#9223372036854775820>
<__Null#9223372036854775822>,<__Null#9223372036854775822>
<__Null#9223372036854775822>,<__Null#9223372036854775823>
<__Null#9223372036854775822>,<__Null#9223372036854775824>
<__Null#9223372036854775822>,<__Null#9223372036854775825>
<__Null#9223372036854775822>,<__Null#9223372036854775826>
<__Null#9223372036854775822>,<__Null#9223372036854775827>
<__Null#9223372036854775822>,<__Null#9223372036854775828>
<__Null#9223372036854775822>,<__Null#9223372036854775829>
<__Null#9223372036854775822>,<__Null#9223372036854775830>
<__Null#9223372036854775822>,<__Null#9223372036854775831>
<__Null#9223372036854775822>,<__Null#9223372036854775832>
<__Null#9223372036854775822>,<__Null#9223372036854775833>
<__Null#9223372036854775822>,<__Null#9223372036854775834>
<__Null#9223372036854775822>,<__Null#9223372036854775835>
<__Null#9223372036854775822>,<__Null#9223372036854775836>
<__Null#9223372036854775822>,<__Null#9223372036854775837>
<__Null#9223372036854775822>,<__Null#9223372036854775838>
<__Null#9223372036854775822>,<__Null#9223372036854775839>
<__Null#9223372036854775822>,<__Null#9223372036854775840>
<__Null#9223372036854775822>,<__Null#9223372036854775841>
<__Null#9223372036854775822>,<__Null#9223372036854775842>
<__Null#9223372036854775822>,<__Null#9223372036854775843>
<__Null#9223372036854775822>,<__Null#9223372036854775844>
<__Null#9223372036854775822>,<__Null#9223372036854775845>
<__Null#9223372036854775822>,<__Null#9223372036854775846>
<__Null#9223372036854775822>,<__Null#9223372036854775847>
<__Null#9223372036854775822>,<__Null#9223372036854775848>
<__Null#9223372036854775822>,<__Null#9223372036854775849>
<__Null#9223372036854775823>,<__Null#9223372036854775823>
<__Null#9223372036854775823>,<__Null#9223372036854775824>
<__Null#9223372036854775823>,<__Null#9223372036854775825>
<__Null#9223372036854775823>,<__Null#9223372036854775826>
<__Null#9223372036854775823>,<__Null#9223372036854775827>
<__Null#9223372036854775823>,<__Null#9223372036854775828>
<__Null#9223372036854775823>,<__Null#9223372036854775829>
<__Null#9223372036854775823>,<__Null#9223372036854775830>
<__Null#9223372036854775823>,<__Null#9223372036854775831>
<__Null#9223372036854775823>,<__Null#9223372036854775832>
<__Null#9223372036854775823>,<__Null#9223372036854775833>
<__Null#9223372036854775823>,<__Null#9223372036854775834>
<__Null#9223372036854775823>,<__Null#9223372036854775835>
<__Null#9223372036854775823>,<__Null#9223372036854775836>
<__Null#9223372036854775823>,<__Null#9223372036854775837>
<__Null#9223372036854775823>,<__Null#9223372036854775838>
<__Null#9223372036854775823>,<__Null#9223372036854775839>
<__Null#9223372036854775823>,<__Null#9223372036854775840>
<__Null#9223372036854775823>,<__Null#9223372036854775841>
<__Null#9223372036854775823>,<__Null#9223372036854775842>
<__Null#9223372036854775823>,<__Null#9223372036854775843>
<__Null#9223372036854775823>,<__Null#9223372036854775844>
<__Null#9223372036854775823>,<__Null#9223372036854775845>
<__Null#9223372036854775823>,<__Null#9223372036854775846>
<__Null#9223372036854775823>,<__Null#9223372036854775847>
<__Null#9223372036854775823>,<__Null#9223372036854775848>
<__Null#9223372036854775823>,<__Null#9223372036854775849>
<__Null#9223372036854775824>,<__Null#9223372036854775824>
<__Null#9223372036854775824>,<__Null#9223372036854775825>
<__Null#9223372036854775824>,<__Null#9223372036854775826>
<__Null#9223372036854775824>,<__Null#9223372036854775827>
<__Null#9223372036854775824>,<__Null#9223372036854775828>
<__Null#9223372036854775824>,<__Null#9223372036854775829>
<__Null#9223372036854775824>,<__Null#9223372036854775830>
<__Null#9223372036854775824>,<__Null#9223372036854775831>
<__Null#9223372036854775824>,<__Null#9223372036854775832>
<__Null#9223372036854775824>,<__Null#9223372036854775833>
<__Null#9223372036854775824>,<__Null#9223372036854775834>
<__Null#9223372036854775824>,<__Null#9223372036854775835>
<__Null#9223372036854775824>,<__Null#9223372036854775836>
<__Null#9223372036854775824>,<__Null#9223372036854775837>
<__Null#9223372036854775824>,<__Null#9223372036854775838>
<__Null#9223372036854775824>,<__Null#9223372036854775839>
<__Null#9223372036854775824>,<__Null#9223372036854775840>
<__Null#9223372036854775824>,<__Null#9223372036854775841>
<__Null#9223372036854775824>,<__Null#9223372036854775842>
<__Null#9223372036854775824>,<__Null#9223372036854775843>
<__Null#9223372036854775824>,<__Null#9223372036854775844>
<__Null#9223372036854775824>,<__Null#9223372036854775845>
<__Null#9223372036854775824>,<__Null#9223372036854775846>
<__Null#9223372036854775824>,<__Null#9223372036854775847>
<__Null#9223372036854775824>,<__Null#9223372036854775848>
<__Null#9223372036854775824>,<__Null#9223372036854775849>
<__Null#9223372036854775825>,<__Null#9223372036854775825>
<__Null#9223372036854775825>,<__Null#9223372036854775826>
<__Null#9223372036854775825>,<__Null#9223372036854775827>
<__Null#9223372036854775825>,<__Null#9223372036854775828>
<__Null#9223372036854775825>,<__Null#9223372036854775829>
<__Null#9223372036854775825>,<__Null#9223372036854775830>
<__Null#9223372036854775825>,<__Null#9223372036854775831>
<__Null#9223372036854775825>,<__Null#9223372036854775832>
<__Null#9223372036854775825>,<__Null#9223372036854775833>
<__Null#9223372036854775825>,<__Null#9223372036854775834>
<__Null#9223372036854775825>,<__Null#9223372036854775835>
<__Null#9223372036854775825>,<__Null#9223372036854775836>
<__Null#9223372036854775825>,<__Null#9223372036854775837>
<__Null#9223372036854775825>,<__Null#9223372036854775838>
<__Null#9223372036854775825>,<__Null#9223372036854775839>
<__Null#9223372036854775825>,<__Null#9223372036854775840>
<__Null#9223372036854775825>,<__Null#9223372036854775841>
<__Null#9223372036854775825>,<__Null#9223372036854775842>
<__Null#9223372036854775825>,<__Null#9223372036854775843>
<__Null#9223372036854775825>,<__Null#9223372036854775844>
<__Null#9223372036854775825>,<__Null#9223372036854775845>
<__Null#9223372036854775825>,<__Null#9223372036854775846>
<__Null#9223372036854775825>,<__Null#9223372036854775847>
<__Null#9223372036854775825>,<__Null#9223372036854775848>
<__Null#9223372036854775825>,<__Null#9223372036854775849>
<__Null#9223372036854775826>,<__Null#9223372036854775826>
<__Null#9223372036854775826>,<__Null#9223372036854775827>
<__Null#9223372036854775826>,<__Null#9223372036854775828>
<__Null#9223372036854775826>,<__Null#9223372036854775829>
<__Null#9223372036854775826>,<__Null#9223372036854775830>
<__Null#9223372036854775826>,<__Null#9223372036854775831>
<__Null#9223372036854775826>,<__Null#9223372036854775832>
<__Null#9223372036854775826>,<__Null#9223372036854775833>
<__Null#9223372036854775826>,<__Null#9223372036854775834>
<__Null#9223372036854775826>,<__Null#9223372036854775835>
<__Null#9223372036854775826>,<__Null#9223372036854775836>
<__Null#9223372036854775826>,<__Null#9223372036854775837>
<__Null#9223372036854775826>,<__Null#9223372036854775838>
<__Null#9223372036854775826>,<__Null#9223372036854775839>
<__Null#9223372036854775826>,<__Null#9223372036854775840>
<__Null#9223372036854775826>,<__Null#9223372036854775841>
<__Null#9223372036854775826>,<__Null#9223372036854775842>
<__Null#9223372036854775826>,<__Null#9223372036854775843>
<__Null#9223372036854775826>,<__Null#9223372036854775844>
<__Null#9223372036854775826>,<__Null#9223372036854775845>
<__Null#9223372036854775826>,<__Null#9223372036854775846>
<__Null#9223372036854775826>,<__Null#9223372036854775847>
<__Null#9223372036854775826>,<__Null#9223372036854775848>
<__Null#9223372036854775826>,<__Null#9223372036854775849>
<__Null#9223372036854775827>,<__Null#9223372036854775827>
<__Null#9223372036854775827>,<__Null#9223372036854775828>
<__Null#9223372036854775827>,<__Null#9223372036854775829>
<__Null#9223372036854775827>,<__Null#9223372036854775830>
<__Null#9223372036854775827>,<__Null#9223372036854775831>
<__Null#9223372036854775827>,<__Null#9223372036854775832>
<__Null#9223372036854775827>,<__Null#9223372036854775833>
<__Null#9223372036854775827>,<__Null#9223372036854775834>
<__Null#9223372036854775827>,<__Null#9223372036854775835>
<__Null#9223372036854775827>,<__Null#9223372036854775836>
<__Null#9223372036854775827>,<__Null#9223372036854775837>
<__Null#9223372036854775827>,<__Null#9223372036854775838>
<__Null#9223372036854775827>,<__Null#9223372036854775839>
<__Null#9223372036854775827>,<__Null#9223372036854775840>
<__Null#9223372036854775827>,<__Null#9223372036854775841>
<__Null#9223372036854775827>,<__Null#9223372036854775842>
<__Null#9223372036854775827>,<__Null#9223372036854775843>
<__Null#9223372036854775827>,<__Null#9223372036854775844>
<__Null#9223372036854775827>,<__Null#9223372036854775845>
<__Null#9223372036854775827>,<__Null#9223372036854775846>
<__Null#9223372036854775827>,<__Null#9223372036854775847>
<__Null#9223372036854775827>,<__Null#9223372036854775848>
<__Null#9223372036854775827>,<__Null#9223372036854775849>
<__Null#9223372036854775828>,<__Null#9223372036854775828>
<__Null#9223372036854775828>,<__Null#9223372036854775829>
<__Null#9223372036854775828>,<__Null#9223372036854775830>
<__Null#9223372036854775828>,<__Null#9223372036854775831>
<__Null#9223372036854775828>,<__Null#9223372036854775832>
<__Null#9223372036854775828>,<__Null#9223372036854775833>
<__Null#9223372036854775828>,<__Null#9223372036854775834>
<__Null#9223372036854775828>,<__Null#9223372036854775835>
<__Null#9223372036854775828>,<__Null#9223372036854775836>
<__Null#9223372036854775828>,<__Null#9223372036854775837>
<__Null#9223372036854775828>,<__Null#9223372036854775838>
<__Null#9223372036854775828>,<__Null#9223372036854775839>
<__Null#9223372036854775828>,<__Null#9223372036854775840>
<__Null#9223372036854775828>,<__Null#9223372036854775841>
<__Null#9223372036854775828>,<__Null#9223372036854775842>
<__Null#9223372036854775828>,<__Null#9223372036854775843>
<__Null#9223372036854775828>,<__Null#9223372036854775844>
<__Null#9223372036854775828>,<__Null#9223372036854775845>
<__Null#9223372036854775828>,<__Null#9223372036854775846>
<__Null#9223372036854775828>,<__Null#9223372036854775847>
<__Null#9223372036854775828>,<__Null#9223372036854775848>
<__Null#9223372036854775828>,<__Null#9223372036854775849>
<__Null#9223372036854775829>,<__Null#9223372036854775829>
<__Null#9223372036854775829>,<__Null#9223372036854775830>
<__Null#9223372036854775829>,<__Null#9223372036854775831>
<__Null#9223372036854775829>,<__Null#9223372036854775832>
<__Null#9223372036854775829>,<__Null#9223372036854775833>
<__Null#9223372036854775829>,<__Null#9223372036854775834>
<__Null#9223372036854775829>,<__Null#9223372036854775835>
<__Null#9223372036854775829>,<__Null#9223372036854775836>
<__Null#9223372036854775829>,<__Null#9223372036854775837>
<__Null#9223372036854775829>,<__Null#9223372036854775838>
<__Null#9223372036854775829>,<__Null#9223372036854775839>
<__Null#9223372036854775829>,<__Null#9223372036854775840>
<__Null#9223372036854775829>,<__Null#9223372036854775841>
<__Null#9223372036854775829>,<__Null#9223372036854775842>
<__Null#9223372036854775829>,<__Null#9223372036854775843>
<__Null#9223372036854775829>,<__Null#9223372036854775844>
<__Null#9223372036854775829>,<__Null#9223372036854775845>
<__Null#9223372036854775829>,<__Null#9223372036854775846>
<__Null#9223372036854775829>,<__Null#9223372036854775847>
<__Null#9223372036854775829>,<__Null#9223372036854775848>
<__Null#9223372036854775829>,<__Null#9223372036854775849>
<__Null#9223372036854775830>,<__Null#9223372036854775830>
<__Null#9223372036854775830>,<__Null#9223372036854775831>
<__Null#9223372036854775830>,<__Null#9223372036854775832>
<__Null#9223372036854775830>,<__Null#9223372036854775833>
<__Null#9223372036854775830>,<__Null#9223372036854775834>
<__Null#9223372036854775830>,<__Null#9223372036854775835>
<__Null#9223372036854775830>,<__Null#9223372036854775836>
<__Null#9223372036854775830>,<__Null#9223372036854775837>
<__Null#9223372036854775830>,<__Null#9223372036854775838>
<__Null#9223372036854775830>,<__Null#9223372036854775839>
<__Null#9223372036854775830>,<__Null#9223372036854775840>
<__Null#9223372036854775830>,<__Null#9223372036854775841>
<__Null#9223372036854775830>,<__Null#9223372036854775842>
<__Null#9223372036854775830>,<__Null#9223372036854775843>
<__Null#9223372036854775830>,<__Null#9223372036854775844>
<__Null#9223372036854775830>,<__Null#9223372036854775845>
<__Null#9223372036854775830>,<__Null#9223372036854775846>
<__Null#9223372036854775830>,<__Null#9223372036854775847>
<__Null#9223372036854775830>,<__Null#9223372036854775848>
<__Null#9223372036854775830>,<__Null#9223372036854775849>
<__Null#9223372036854775831>,<__Null#9223372036854775831>
<__Null#9223372036854775831>,<__Null#9223372036854775832>
<__Null#9223372036854775831>,<__Null#9223372036854775833>
<__Null#9223372036854775831>,<__Null#9223372036854775834>
<__Null#9223372036854775831>,<__Null#9223372036854775835>
<__Null#9223372036854775831>,<__Null#9223372036854775836>
<__Null#9223372036854775831>,<__Null#9223372036854775837>
<__Null#9223372036854775831>,<__Null#9223372036854775838>
<__Null#9223372036854775831>,<__Null#9223372036854775839>
<__Null#9223372036854775831>,<__Null#9223372036854775840>
<__Null#9223372036854775831>,<__Null#9223372036854775841>
<__Null#9223372036854775831>,<__Null#9223372036854775842>
<__Null#9223372036854775831>,<__Null#9223372036854775843>
<__Null#9223372036854775831>,<__Null#9223372036854775844>
<__Null#9223372036854775831>,<__Null#9223372036854775845>
<__Null#9223372036854775831>,<__Null#9223372036854775846>
<__Null#9223372036854775831>,<__Null#9223372036854775847>
<__Null#9223372036854775831>,<__Null#9223372036854775848>
<__Null#9223372036854775831>,<__Null#9223372036854775849>
<__Null#9223372036854775832>,<__Null#9223372036854775832>
<__Null#9223372036854775832>,<__Null#9223372036854775833>
<__Null#9223372036854775832>,<__Null#9223372036854775834>
<__Null#9223372036854775832>,<__Null#9223372036854775835>
<__Null#9223372036854775832>,<__Null#9223372036854775836>
<__Null#9223372036854775832>,<__Null#9223372036854775837>
<__Null#9223372036854775832>,<__Null#9223372036854775838>
<__Null#9223372036854775832>,<__Null#9223372036854775839>
<__Null#9223372036854775832>,<__Null#9223372036854775840>
<__Null#9223372036854775832>,<__Null#9223372036854775841>
<__Null#9223372036854775832>,<__Null#9223372036854775842>
<__Null#9223372036854775832>,<__Null#9223372036854775843>
<__Null#9223372036854775832>,<__Null#9223372036854775844>
<__Null#9223372036854775832>,<__Null#9223372036854775845>
<__Null#9223372036854775832>,<__Null#9223372036854775846>
<__Null#9223372036854775832>,<__Null#9223372036854775847>
<__Null#9223372036854775832>,<__Null#9223372036854775848>
<__Null#9223372036854775832>,<__Null#9223372036854775849>
<__Null#9223372036854775833>,<__Null#9223372036854775833>
<__Null#9223372036854775833>,<__Null#9223372036854775834>
<__Null#9223372036854775833>,<__Null#9223372036854775835>
<__Null#9223372036854775833>,<__Null#9223372036854775836>
<__Null#9223372036854775833>,<__Null#9223372036854775837>
<__Null#9223372036854775833>,<__Null#9223372036854775838>
<__Null#9223372036854775833>,<__Null#9223372036854775839>
<__Null#9223372036854775833>,<__Null#9223372036854775840>
<__Null#9223372036854775833>,<__Null#9223372036854775841>
<__Null#9223372036854775833>,<__Null#9223372036854775842>
<__Null#9223372036854775833>,<__Null#9223372036854775843>
<__Null#9223372036854775833>,<__Null#9223372036854775844>
<__Null#9223372036854775833>,<__Null#9223372036854775845>
<__Null#9223372036854775833>,<__Null#9223372036854775846>
<__Null#9223372036854775833>,<__Null#9223372036854775847>
<__Null#9223372036854775833>,<__Null#9223372036854775848>
<__Null#9223372036854775833>,<__Null#9223372036854775849>
<__Null#9223372036854775834>,<__Null#9223372036854775834>
<__Null#9223372036854775834>,<__Null#9223372036854775836>
<__Null#9223372036854775835>,<__Null#9223372036854775835>
<__Null#9223372036854775835>,<__Null#9223372036854775837>
<__Null#9223372036854775835>,<__Null#9223372036854775838>
<__Null#9223372036854775835>,<__Null#9223372036854775839>
<__Null#9223372036854775835>,<__Null#9223372036854775840>
<__Null#9223372036854775835>,<__Null#9223372036854775841>
<__Null#9223372036854775835>,<__Null#9223372036854775842>
<__Null#9223372036854775835>,<__Null#9223372036854775843>
<__Null#9223372036854775835>,<__Null#9223372036854775844>
<__Null#9223372036854775835>,<__Null#9223372036854775845>
<__Null#9223372036854775835>,<__Null#9223372036854775846>
<__Null#9223372036854775835>,<__Null#9223372036854775847>
<__Null#9223372036854775835>,<__Null#9223372036854775848>
<__Null#9223372036854775835>,<__Null#9223372036854775849>
<__Null#9223372036854775836>,<__Null#9223372036854775836>
<__Null#9223372036854775837>,<__Null#9223372036854775837>
<__Null#9223372036854775837>,<__Null#9223372036854775838>
<__Null#9223372036854775837>,<__Null#9223372036854775839>
<__Null#9223372036854775837>,<__Null#9223372036854775840>
<__Null#9223372036854775837>,<__Null#9223372036854775841>
<__Null#9223372036854775837>,<__Null#9223372036854775842>
<__Null#9223372036854775837>,<__Null#9223372036854775843>
<__Null#9223372036854775837>,<__Null#9223372036854775844>
<__Null#9223372036854775837>,<__Null#9223372036854775845>
<__Null#9223372036854775837>,<__Null#9223372036854775846>
<__Null#9223372036854775837>,<__Null#9223372036854775847>
<__Null#9223372036854775837>,<__Null#9223372036854775848>
<__Null#9223372036854775837>,<__Null#9223372036854775849>
<__Null#9223372036854775838>,<__Null#9223372036854775838>
<__Null#9223372036854775838>,<__Null#9223372036854775839>
<__Null#9223372036854775838>,<__Null#9223372036854775840>
<__Null#9223372036854775838>,<__Null#9223372036854775841>
<__Null#9223372036854775838>,<__Null#9223372036854775842>
<__Null#9223372036854775838>,<__Null#9223372036854775843>
<__Null#9223372036854775838>,<__Null#9223372036854775844>
<__Null#9223372036854775838>,<__Null#9223372036854775845>
<__Null#9223372036854775838>,<__Null#9223372036854775846>
<__Null#9223372036854775838>,<__Null#9223372036854775847>
<__Null#9223372036854775838>,<__Null#9223372036854775848>
<__Null#9223372036854775838>,<__Null#9223372036854775849>
<__Null#9223372036854775839>,<__Null#9223372036854775839>
<__Null#9223372036854775839>,<__Null#9223372036854775840>
<__Null#9223372036854775839>,<__Null#9223372036854775841>
<__Null#9223372036854775839>,<__Null#9223372036854775842>
<__Null#9223372036854775839>,<__Null#9223372036854775843>
<__Null#9223372036854775839>,<__Null#9223372036854775844>
<__Null#9223372036854775839>,<__Null#9223372036854775845>
<__Null#9223372036854775839>,<__Null#9223372036854775846>
<__Null#9223372036854775839>,<__Null#9223372036854775847>
<__Null#9223372036854775839>,<__Null#9223372036854775848>
<__Null#9223372036854775839>,<__Null#9223372036854775849>
<__Null#9223372036854775840>,<__Null#9223372036854775840>
<__Null#9223372036854775840>,<__Null#9223372036854775841>
<__Null#9223372036854775840>,<__Null#9223372036854775842>
<__Null#9223372036854775840>,<__Null#9223372036854775843>
<__Null#9223372036854775840>,<__Null#9223372036854775844>
<__Null#9223372036854775840>,<__Null#9223372036854775845>
<__Null#9223372036854775840>,<__Null#9223372036854775846>
<__Null#9223372036854775840>,<__Null#9223372036854775847>
<__Null#9223372036854775840>,<__Null#9223372036854775848>
<__Null#9223372036854775840>,<__Null#9223372036854775849>
<__Null#9223372036854775841>,<__Null#9223372036854775841>
<__Null#9223372036854775841>,<__Null#9223372036854775842>
<__Null#9223372036854775841>,<__Null#9223372036854775843>
<__Null#9223372036854775841>,<__Null#9223372036854775844>
<__Null#9223372036854775841>,<__Null#9223372036854775845>
<__Null#9223372036854775841>,<__Null#9223372036854775846>
<__Null#9223372036854775841>,<__Null#9223372036854775847>
<__Null#9223372036854775841>,<__Null#9223372036854775848>
<__Null#9223372036854775841>,<__Null#9223372036854775849>
<__Null#9223372036854775842>,<__Null#9223372036854775842>
<__Null#9223372036854775842>,<__Null#9223372036854775843>
<__Null#9223372036854775842>,<__Null#9223372036854775844>
<__Null#9223372036854775842>,<__Null#9223372036854775845>
<__Null#9223372036854775842>,<__Null#9223372036854775846>
<__Null#9223372036854775842>,<__Null#9223372036854775847>
<__Null#9223372036854775842>,<__Null#9223372036854775848>
<__Null#9223372036854775842>,<__Null#9223372036854775849>
<__Null#9223372036854775843>,<__Null#9223372036854775843>
<__Null#9223372036854775843>,<__Null#9223372036854775844>
<__Null#9223372036854775843>,<__Null#9223372036854775845>
<__Null#9223372036854775843>,<__Null#9223372036854775846>
<__Null#9223372036854775843>,<__Null#9223372036854775847>
<__Null#9223372036854775843>,<__Null#9223372036854775848>
<__Null#9223372036854775843>,<__Null#9223372036854775849>
<__Null#9223372036854775844>,<__Null#9223372036854775844>
<__Null#9223372036854775844>,<__Null#9223372036854775845>
<__Null#9223372036854775844>,<__Null#9223372036854775846>
<__Null#9223372036854775844>,<__Null#9223372036854775847>
<__Null#9223372036854775844>,<__Null#9223372036854775848>
<__Null#9223372036854775844>,<__Null#9223372036854775849>
<__Null#9223372036854775845>,<__Null#9223372036854775845>
<__Null#9223372036854775845>,<__Null#9223372036854775846>
<__Null#9223372036854775845>,<__Null#9223372036854775847>
<__Null#9223372036854775845>,<__Null#9223372036854775848>
<__Null#9223372036854775845>,<__Null#9223372036854775849>
<__Null#9223372036854775846>,<__Null#9223372036854775846>
<__Null#9223372036854775846>,<__Null#9223372036854775847>
<__Null#9223372036854775846>,<__Null#9223372036854775848>
<__Null#9223372036854775846>,<__Null#9223372036854775849>
<__Null#9223372036854775847>,<__Null#9223372036854775847>
<__Null#9223372036854775847>,<__Null#9223372036854775849>
<__Null#9223372036854775848>,<__Null#9223372036854775848>
<__Null#9223372036854775849>,<__Null#9223372036854775849>
