p1,<__Null#9223372036854775823>
p2,<__Null#9223372036854775824>
p3,<__Null#9223372036854775825>
p4,<__Null#9223372036854775826>
p5,<__Null#9223372036854775827>
p6,<__Null#9223372036854775828>
p7,<__Null#9223372036854775829>
p8,<__Null#9223372036854775830>
p9,<__Null#9223372036854775831>
p10,<__Null#9223372036854775832>
p11,<__Null#9223372036854775833>
p12,<__Null#9223372036854775834>
p13,<__Null#9223372036854775836>
p0,p0
<__Null#9223372036854775809>,<__Null#9223372036854775835>
<__Null#9223372036854775810>,<__Null#9223372036854775837>
<__Null#9223372036854775811>,<__Null#9223372036854775838>
<__Null#9223372036854775812>,<__Null#9223372036854775839>
<__Null#9223372036854775813>,<__Null#9223372036854775840>
<__Null#9223372036854775814>,<__Null#9223372036854775841>
<__Null#9223372036854775815>,<__Null#9223372036854775842>
<__Null#9223372036854775816>,<__Null#9223372036854775843>
<__Null#9223372036854775817>,<__Null#9223372036854775844>
<__Null#9223372036854775818>,<__Null#9223372036854775845>
<__Null#9223372036854775819>,<__Null#9223372036854775846>
<__Null#9223372036854775820>,<__Null#9223372036854775847>
<__Null#9223372036854775821>,<__Null#9223372036854775848>
<__Null#9223372036854775822>,<__Null#9223372036854775849>
