p1,p3
p2,p4
p3,p5
p4,p6
p5,p7
p6,p8
p7,p9
p8,p10
p9,p11
p10,p12
p10,<__Null#9223372036854775809>
p11,p13
p11,<__Null#9223372036854775810>
p0,p2
<__Null#9223372036854775809>,<__Null#9223372036854775811>
<__Null#9223372036854775810>,<__Null#9223372036854775812>
<__Null#9223372036854775811>,<__Null#9223372036854775813>
<__Null#9223372036854775812>,<__Null#9223372036854775814>
<__Null#9223372036854775813>,<__Null#9223372036854775815>
<__Null#9223372036854775814>,<__Null#9223372036854775816>
<__Null#9223372036854775815>,<__Null#9223372036854775817>
<__Null#9223372036854775816>,<__Null#9223372036854775818>
<__Null#9223372036854775817>,<__Null#9223372036854775819>
<__Null#9223372036854775818>,<__Null#9223372036854775820>
<__Null#9223372036854775818>,<__Null#9223372036854775821>
<__Null#9223372036854775819>,<__Null#9223372036854775822>
<__Null#9223372036854775823>,p1
<__Null#9223372036854775824>,p0
<__Null#9223372036854775825>,<__Null#9223372036854775823>
<__Null#9223372036854775826>,<__Null#9223372036854775824>
<__Null#9223372036854775827>,<__Null#9223372036854775825>
<__Null#9223372036854775828>,<__Null#9223372036854775826>
<__Null#9223372036854775829>,<__Null#9223372036854775827>
<__Null#9223372036854775830>,<__Null#9223372036854775828>
<__Null#9223372036854775831>,<__Null#9223372036854775829>
<__Null#9223372036854775832>,<__Null#9223372036854775830>
<__Null#9223372036854775833>,<__Null#9223372036854775831>
<__Null#9223372036854775834>,<__Null#9223372036854775832>
<__Null#9223372036854775835>,<__Null#9223372036854775832>
<__Null#9223372036854775836>,<__Null#9223372036854775833>
<__Null#9223372036854775837>,<__Null#9223372036854775833>
<__Null#9223372036854775838>,<__Null#9223372036854775835>
<__Null#9223372036854775839>,<__Null#9223372036854775837>
<__Null#9223372036854775840>,<__Null#9223372036854775838>
<__Null#9223372036854775841>,<__Null#9223372036854775839>
<__Null#9223372036854775842>,<__Null#9223372036854775840>
<__Null#9223372036854775843>,<__Null#9223372036854775841>
<__Null#9223372036854775844>,<__Null#9223372036854775842>
<__Null#9223372036854775845>,<__Null#9223372036854775843>
<__Null#9223372036854775846>,<__Null#9223372036854775844>
<__Null#9223372036854775847>,<__Null#9223372036854775845>
<__Null#9223372036854775848>,<__Null#9223372036854775845>
<__Null#9223372036854775849>,<__Null#9223372036854775846>
